{
  "config": {
    "method": "igno",
    "n_obs": 100,
    "obs_sampling": "random",
    "snr_db": null,
    "batch_size": 32,
    "inversion_epochs": 500,
    "loss_weights": {
      "pde": 1.0,
      "data": 50.0
    }
  },
  "n_samples": 32,
  "u_metrics": {
    "rmse": {
      "mean": 0.04248367019408761,
      "std": 0.07253835103805997,
      "min": 0.00025735999224707484,
      "max": 0.3128649592399597
    },
    "relative_l2": {
      "mean": 0.187861516373232,
      "std": 0.07227929898088592,
      "min": 0.12418466061353683,
      "max": 0.44007712602615356
    },
    "cross_correlation": {
      "mean": 0.5902978554368019,
      "std": 0.01795081701213863,
      "min": 0.511049211025238,
      "max": 0.599030613899231
    }
  },
  "a_metrics": {
    "rmse": {
      "mean": 0.13930414905007638,
      "std": 0.20185885010622526,
      "min": 0.0009188241674564779,
      "max": 0.8097429275512695
    },
    "relative_l2": {
      "mean": 0.12134592273650924,
      "std": 0.1864961069313602,
      "min": 0.0006814972730353475,
      "max": 0.7872790694236755
    },
    "cross_correlation": {
      "mean": 0.5328829027712345,
      "std": 0.09028606320041496,
      "min": 0.24644231796264648,
      "max": 0.6798540949821472
    }
  },
  "per_sample": [
    {
      "sample_idx": 0,
      "u_metrics": {
        "rmse": 0.0006062529864721,
        "relative_l2": 0.12423849105834961,
        "cross_correlation": 0.5952639579772949
      },
      "a_metrics": {
        "rmse": 0.0028477113228291273,
        "relative_l2": 0.00250440021045506,
        "cross_correlation": 0.6798540949821472
      }
    },
    {
      "sample_idx": 1,
      "u_metrics": {
        "rmse": 0.0660829171538353,
        "relative_l2": 0.20690560340881348,
        "cross_correlation": 0.5940017104148865
      },
      "a_metrics": {
        "rmse": 0.27850162982940674,
        "relative_l2": 0.22550375759601593,
        "cross_correlation": 0.44815793633461
      }
    },
    {
      "sample_idx": 2,
      "u_metrics": {
        "rmse": 0.010697361081838608,
        "relative_l2": 0.15916067361831665,
        "cross_correlation": 0.5967088341712952
      },
      "a_metrics": {
        "rmse": 0.047192808240652084,
        "relative_l2": 0.03747578710317612,
        "cross_correlation": 0.5540199279785156
      }
    },
    {
      "sample_idx": 3,
      "u_metrics": {
        "rmse": 0.0012563677737489343,
        "relative_l2": 0.1604992300271988,
        "cross_correlation": 0.5967283248901367
      },
      "a_metrics": {
        "rmse": 0.00945815909653902,
        "relative_l2": 0.007410271558910608,
        "cross_correlation": 0.6162461638450623
      }
    },
    {
      "sample_idx": 4,
      "u_metrics": {
        "rmse": 0.0033207510132342577,
        "relative_l2": 0.1452699601650238,
        "cross_correlation": 0.5954836010932922
      },
      "a_metrics": {
        "rmse": 0.015952933579683304,
        "relative_l2": 0.012310393154621124,
        "cross_correlation": 0.5791154503822327
      }
    },
    {
      "sample_idx": 5,
      "u_metrics": {
        "rmse": 0.001331812934949994,
        "relative_l2": 0.14400897920131683,
        "cross_correlation": 0.5967182517051697
      },
      "a_metrics": {
        "rmse": 0.005960597191005945,
        "relative_l2": 0.004930390510708094,
        "cross_correlation": 0.548572301864624
      }
    },
    {
      "sample_idx": 6,
      "u_metrics": {
        "rmse": 0.0007925251848064363,
        "relative_l2": 0.15225613117218018,
        "cross_correlation": 0.5974426865577698
      },
      "a_metrics": {
        "rmse": 0.004450800828635693,
        "relative_l2": 0.0036016819067299366,
        "cross_correlation": 0.5431318879127502
      }
    },
    {
      "sample_idx": 7,
      "u_metrics": {
        "rmse": 0.005126012954860926,
        "relative_l2": 0.14813634753227234,
        "cross_correlation": 0.596063494682312
      },
      "a_metrics": {
        "rmse": 0.036343708634376526,
        "relative_l2": 0.029087049886584282,
        "cross_correlation": 0.5998299717903137
      }
    },
    {
      "sample_idx": 8,
      "u_metrics": {
        "rmse": 0.06767398864030838,
        "relative_l2": 0.22793065011501312,
        "cross_correlation": 0.5896446704864502
      },
      "a_metrics": {
        "rmse": 0.1946166455745697,
        "relative_l2": 0.16178464889526367,
        "cross_correlation": 0.45375505089759827
      }
    },
    {
      "sample_idx": 9,
      "u_metrics": {
        "rmse": 0.08518846333026886,
        "relative_l2": 0.22695642709732056,
        "cross_correlation": 0.5882456302642822
      },
      "a_metrics": {
        "rmse": 0.28756582736968994,
        "relative_l2": 0.24168437719345093,
        "cross_correlation": 0.3989054560661316
      }
    },
    {
      "sample_idx": 10,
      "u_metrics": {
        "rmse": 0.0013084105448797345,
        "relative_l2": 0.1431386023759842,
        "cross_correlation": 0.5948063731193542
      },
      "a_metrics": {
        "rmse": 0.011676382273435593,
        "relative_l2": 0.009759631007909775,
        "cross_correlation": 0.5715661644935608
      }
    },
    {
      "sample_idx": 11,
      "u_metrics": {
        "rmse": 0.0004077087214682251,
        "relative_l2": 0.13201920688152313,
        "cross_correlation": 0.5968462228775024
      },
      "a_metrics": {
        "rmse": 0.002279197098687291,
        "relative_l2": 0.001821213634684682,
        "cross_correlation": 0.5994517207145691
      }
    },
    {
      "sample_idx": 12,
      "u_metrics": {
        "rmse": 0.06561839580535889,
        "relative_l2": 0.22886674106121063,
        "cross_correlation": 0.5903331637382507
      },
      "a_metrics": {
        "rmse": 0.18530111014842987,
        "relative_l2": 0.15627449750900269,
        "cross_correlation": 0.46159952878952026
      }
    },
    {
      "sample_idx": 13,
      "u_metrics": {
        "rmse": 0.0022621399257332087,
        "relative_l2": 0.1456097960472107,
        "cross_correlation": 0.5970701575279236
      },
      "a_metrics": {
        "rmse": 0.006602556444704533,
        "relative_l2": 0.005392898805439472,
        "cross_correlation": 0.5562839508056641
      }
    },
    {
      "sample_idx": 14,
      "u_metrics": {
        "rmse": 0.10189341753721237,
        "relative_l2": 0.23548774421215057,
        "cross_correlation": 0.599030613899231
      },
      "a_metrics": {
        "rmse": 0.2689493000507355,
        "relative_l2": 0.19312794506549835,
        "cross_correlation": 0.24644231796264648
      }
    },
    {
      "sample_idx": 15,
      "u_metrics": {
        "rmse": 0.06727299839258194,
        "relative_l2": 0.2272728532552719,
        "cross_correlation": 0.590886652469635
      },
      "a_metrics": {
        "rmse": 0.19239486753940582,
        "relative_l2": 0.16309605538845062,
        "cross_correlation": 0.456479549407959
      }
    },
    {
      "sample_idx": 16,
      "u_metrics": {
        "rmse": 0.013087278231978416,
        "relative_l2": 0.17318786680698395,
        "cross_correlation": 0.5955216884613037
      },
      "a_metrics": {
        "rmse": 0.07263749092817307,
        "relative_l2": 0.05880550295114517,
        "cross_correlation": 0.6029399633407593
      }
    },
    {
      "sample_idx": 17,
      "u_metrics": {
        "rmse": 0.000808842945843935,
        "relative_l2": 0.17089825868606567,
        "cross_correlation": 0.5965690612792969
      },
      "a_metrics": {
        "rmse": 0.004651304334402084,
        "relative_l2": 0.0038704785984009504,
        "cross_correlation": 0.6041474938392639
      }
    },
    {
      "sample_idx": 18,
      "u_metrics": {
        "rmse": 0.0008118366822600365,
        "relative_l2": 0.1330573856830597,
        "cross_correlation": 0.5957890152931213
      },
      "a_metrics": {
        "rmse": 0.004389663692563772,
        "relative_l2": 0.0035608033649623394,