{
  "config": {
    "method": "igno",
    "n_obs": 100,
    "obs_sampling": "random",
    "snr_db": null,
    "batch_size": 32,
    "inversion_epochs": 500,
    "loss_weights": {
      "pde": 1.0,
      "data": 50.0
    }
  },
  "n_samples": 32,
  "u_metrics": {
    "rmse": {
      "mean": 0.030170949998137075,
      "std": 0.07364131117257038,
      "min": 0.0003254982002545148,
      "max": 0.324014812707901
    },
    "relative_l2": {
      "mean": 0.2702644467353821,
      "std": 0.10295200887776627,
      "min": 0.15528713166713715,
      "max": 0.49458247423171997
    },
    "cross_correlation": {
      "mean": 0.5578599208965898,
      "std": 0.05549216270268102,
      "min": 0.42362576723098755,
      "max": 0.6090214252471924
    }
  },
  "a_metrics": {
    "rmse": {
      "mean": 0.08766200000536628,
      "std": 0.1850115309078183,
      "min": 0.0005858292570337653,
      "max": 0.7940060496330261
    },
    "relative_l2": {
      "mean": 0.081489140231497,
      "std": 0.17735634354707333,
      "min": 0.0005156185943633318,
      "max": 0.7660369277000427
    },
    "cross_correlation": {
      "mean": 0.559412993490696,
      "std": 0.05755508992355435,
      "min": 0.42480406165122986,
      "max": 0.6636582612991333
    }
  },
  "per_sample": [
    {
      "sample_idx": 0,
      "u_metrics": {
        "rmse": 0.01206714566797018,
        "relative_l2": 0.49458247423171997,
        "cross_correlation": 0.513515293598175
      },
      "a_metrics": {
        "rmse": 0.007398254703730345,
        "relative_l2": 0.011764474213123322,
        "cross_correlation": 0.5507843494415283
      }
    },
    {
      "sample_idx": 1,
      "u_metrics": {
        "rmse": 0.0017619883874431252,
        "relative_l2": 0.36575835943222046,
        "cross_correlation": 0.4557783305644989
      },
      "a_metrics": {
        "rmse": 0.0034556773025542498,
        "relative_l2": 0.005170955788344145,
        "cross_correlation": 0.5243064761161804
      }
    },
    {
      "sample_idx": 2,
      "u_metrics": {
        "rmse": 0.008905830793082714,
        "relative_l2": 0.23425428569316864,
        "cross_correlation": 0.5775622129440308
      },
      "a_metrics": {
        "rmse": 0.06813570857048035,
        "relative_l2": 0.07254128158092499,
        "cross_correlation": 0.6090092062950134
      }
    },
    {
      "sample_idx": 3,
      "u_metrics": {
        "rmse": 0.0014076709048822522,
        "relative_l2": 0.3792060613632202,
        "cross_correlation": 0.5296012163162231
      },
      "a_metrics": {
        "rmse": 0.0013922522775828838,
        "relative_l2": 0.0027815005742013454,
        "cross_correlation": 0.538297712802887
      }
    },
    {
      "sample_idx": 4,
      "u_metrics": {
        "rmse": 0.0005403906106948853,
        "relative_l2": 0.15936164557933807,
        "cross_correlation": 0.6051260828971863
      },
      "a_metrics": {
        "rmse": 0.0019793107639998198,
        "relative_l2": 0.0017772518331184983,
        "cross_correlation": 0.6089649200439453
      }
    },
    {
      "sample_idx": 5,
      "u_metrics": {
        "rmse": 0.0008100607665255666,
        "relative_l2": 0.16107062995433807,
        "cross_correlation": 0.5963762402534485
      },
      "a_metrics": {
        "rmse": 0.004710763227194548,
        "relative_l2": 0.004142561461776495,
        "cross_correlation": 0.5623546242713928
      }
    },
    {
      "sample_idx": 6,
      "u_metrics": {
        "rmse": 0.0003631731669884175,
        "relative_l2": 0.2039322853088379,
        "cross_correlation": 0.5973933935165405
      },
      "a_metrics": {
        "rmse": 0.0020519783720374107,
        "relative_l2": 0.0021340581588447094,
        "cross_correlation": 0.6186016201972961
      }
    },
    {
      "sample_idx": 7,
      "u_metrics": {
        "rmse": 0.002514505758881569,
        "relative_l2": 0.16795673966407776,
        "cross_correlation": 0.608512818813324
      },
      "a_metrics": {
        "rmse": 0.012485398910939693,
        "relative_l2": 0.010800487361848354,
        "cross_correlation": 0.6636582612991333
      }
    },
    {
      "sample_idx": 8,
      "u_metrics": {
        "rmse": 0.0007057367474772036,
        "relative_l2": 0.28962549567222595,
        "cross_correlation": 0.5884549617767334
      },
      "a_metrics": {
        "rmse": 0.0013789747608825564,
        "relative_l2": 0.0013483777875080705,
        "cross_correlation": 0.5820635557174683
      }
    },
    {
      "sample_idx": 9,
      "u_metrics": {
        "rmse": 0.06400256603956223,
        "relative_l2": 0.21594806015491486,
        "cross_correlation": 0.5979001522064209
      },
      "a_metrics": {
        "rmse": 0.25494518876075745,
        "relative_l2": 0.21493476629257202,
        "cross_correlation": 0.4802305996417999
      }
    },
    {
      "sample_idx": 10,
      "u_metrics": {
        "rmse": 0.07301907241344452,
        "relative_l2": 0.2653144598007202,
        "cross_correlation": 0.5879584550857544
      },
      "a_metrics": {
        "rmse": 0.20676498115062714,
        "relative_l2": 0.20076940953731537,
        "cross_correlation": 0.5197113752365112
      }
    },
    {
      "sample_idx": 11,
      "u_metrics": {
        "rmse": 0.017973843961954117,
        "relative_l2": 0.19410137832164764,
        "cross_correlation": 0.5762966275215149
      },
      "a_metrics": {
        "rmse": 0.09662748873233795,
        "relative_l2": 0.0807393342256546,
        "cross_correlation": 0.5489313006401062
      }
    },
    {
      "sample_idx": 12,
      "u_metrics": {
        "rmse": 0.0032131748739629984,
        "relative_l2": 0.48341530561447144,
        "cross_correlation": 0.4681565463542938
      },
      "a_metrics": {
        "rmse": 0.00415536854416132,
        "relative_l2": 0.005056393798440695,
        "cross_correlation": 0.5267298221588135
      }
    },
    {
      "sample_idx": 13,
      "u_metrics": {
        "rmse": 0.00044223834993317723,
        "relative_l2": 0.17440423369407654,
        "cross_correlation": 0.5702390670776367
      },
      "a_metrics": {
        "rmse": 0.0019840572495013475,
        "relative_l2": 0.0017147838370874524,
        "cross_correlation": 0.5188088417053223
      }
    },
    {
      "sample_idx": 14,
      "u_metrics": {
        "rmse": 0.0004435351293068379,
        "relative_l2": 0.19749820232391357,
        "cross_correlation": 0.6025463938713074
      },
      "a_metrics": {
        "rmse": 0.0010040709748864174,
        "relative_l2": 0.0008414006442762911,
        "cross_correlation": 0.6478168368339539
      }
    },
    {
      "sample_idx": 15,
      "u_metrics": {
        "rmse": 0.0024464274756610394,
        "relative_l2": 0.4058324098587036,
        "cross_correlation": 0.4818912446498871
      },
      "a_metrics": {
        "rmse": 0.002193204592913389,
        "relative_l2": 0.00293745007365942,
        "cross_correlation": 0.5156223177909851
      }
    },
    {
      "sample_idx": 16,
      "u_metrics": {
        "rmse": 0.0003254982002545148,
        "relative_l2": 0.186941459774971,
        "cross_correlation": 0.5888602137565613
      },
      "a_metrics": {
        "rmse": 0.001506661414168775,
        "relative_l2": 0.0014306631637737155,
        "cross_correlation": 0.575485348701477
      }
    },
    {
      "sample_idx": 17,
      "u_metrics": {
        "rmse": 0.0046734074130654335,
        "relative_l2": 0.35911184549331665,
        "cross_correlation": 0.42362576723098755
      },
      "a_metrics": {
        "rmse": 0.004133518319576979,
        "relative_l2": 0.005383682902902365,
        "cross_correlation": 0.5184031128883362
      }
    },
    {
      "sample_idx": 18,
      "u_metrics": {
        "rmse": 0.0004816899308934808,
        "relative_l2": 0.2741519510746002,
        "cross_correlation": 0.6090214252471924
      },
      "a_metrics": {
        "rmse": 0.001161895808763802,
        "relative_l2": 0.0012296480126678944,