{
  "config": {
    "method": "igno",
    "n_obs": 100,
    "obs_sampling": "random",
    "snr_db": null,
    "batch_size": 32,
    "inversion_epochs": 500,
    "loss_weights": {
      "pde": 1.0,
      "data": 50.0
    }
  },
  "n_samples": 32,
  "u_metrics": {
    "rmse": {
      "mean": 0.017992874364608724,
      "std": 0.03597283085332014,
      "min": 0.00019482005154713988,
      "max": 0.14797188341617584
    },
    "relative_l2": {
      "mean": 0.2530132932588458,
      "std": 0.10044792484260161,
      "min": 0.14156216382980347,
      "max": 0.5007196068763733
    },
    "cross_correlation": {
      "mean": 0.5636737681925297,
      "std": 0.05352679619970335,
      "min": 0.4200494885444641,
      "max": 0.6093041300773621
    }
  },
  "a_metrics": {
    "rmse": {
      "mean": 0.05530200686553144,
      "std": 0.08550373782381528,
      "min": 0.001237953663803637,
      "max": 0.26475977897644043
    },
    "relative_l2": {
      "mean": 0.056974670693307417,
      "std": 0.09001835617823718,
      "min": 0.0010205535218119621,
      "max": 0.33691972494125366
    },
    "cross_correlation": {
      "mean": 0.5585596235468984,
      "std": 0.05015909713347029,
      "min": 0.4486199617385864,
      "max": 0.6649699211120605
    }
  },
  "per_sample": [
    {
      "sample_idx": 0,
      "u_metrics": {
        "rmse": 0.0084302993491292,
        "relative_l2": 0.5007196068763733,
        "cross_correlation": 0.517244279384613
      },
      "a_metrics": {
        "rmse": 0.0043641566298902035,
        "relative_l2": 0.006695922464132309,
        "cross_correlation": 0.5496546626091003
      }
    },
    {
      "sample_idx": 1,
      "u_metrics": {
        "rmse": 0.1268029808998108,
        "relative_l2": 0.37709668278694153,
        "cross_correlation": 0.4726763069629669
      },
      "a_metrics": {
        "rmse": 0.16381312906742096,
        "relative_l2": 0.2284621298313141,
        "cross_correlation": 0.49722960591316223
      }
    },
    {
      "sample_idx": 2,
      "u_metrics": {
        "rmse": 0.0008175515686161816,
        "relative_l2": 0.22023072838783264,
        "cross_correlation": 0.5754846930503845
      },
      "a_metrics": {
        "rmse": 0.003078573616221547,
        "relative_l2": 0.003114435588940978,
        "cross_correlation": 0.5783839225769043
      }
    },
    {
      "sample_idx": 3,
      "u_metrics": {
        "rmse": 0.001152978278696537,
        "relative_l2": 0.38087594509124756,
        "cross_correlation": 0.5286900997161865
      },
      "a_metrics": {
        "rmse": 0.0025907624512910843,
        "relative_l2": 0.0042553492821753025,
        "cross_correlation": 0.5377579927444458
      }
    },
    {
      "sample_idx": 4,
      "u_metrics": {
        "rmse": 0.004689179360866547,
        "relative_l2": 0.16151301562786102,
        "cross_correlation": 0.6033204793930054
      },
      "a_metrics": {
        "rmse": 0.06769602000713348,
        "relative_l2": 0.05793052539229393,
        "cross_correlation": 0.5514118671417236
      }
    },
    {
      "sample_idx": 5,
      "u_metrics": {
        "rmse": 0.0005461963010020554,
        "relative_l2": 0.16059593856334686,
        "cross_correlation": 0.5963670015335083
      },
      "a_metrics": {
        "rmse": 0.003560773329809308,
        "relative_l2": 0.0030484290327876806,
        "cross_correlation": 0.567316472530365
      }
    },
    {
      "sample_idx": 6,
      "u_metrics": {
        "rmse": 0.02871372550725937,
        "relative_l2": 0.2257501631975174,
        "cross_correlation": 0.5949398279190063
      },
      "a_metrics": {
        "rmse": 0.24248188734054565,
        "relative_l2": 0.20766760408878326,
        "cross_correlation": 0.4486199617385864
      }
    },
    {
      "sample_idx": 7,
      "u_metrics": {
        "rmse": 0.0003039517905563116,
        "relative_l2": 0.16612489521503448,
        "cross_correlation": 0.607952356338501
      },
      "a_metrics": {
        "rmse": 0.001990062417462468,
        "relative_l2": 0.0018320621456950903,
        "cross_correlation": 0.6649699211120605
      }
    },
    {
      "sample_idx": 8,
      "u_metrics": {
        "rmse": 0.0006053499528206885,
        "relative_l2": 0.2883659601211548,
        "cross_correlation": 0.5884458422660828
      },
      "a_metrics": {
        "rmse": 0.0031547180842608213,
        "relative_l2": 0.0033423397690057755,
        "cross_correlation": 0.5809955596923828
      }
    },
    {
      "sample_idx": 9,
      "u_metrics": {
        "rmse": 0.000307215639622882,
        "relative_l2": 0.15688210725784302,
        "cross_correlation": 0.6042457818984985
      },
      "a_metrics": {
        "rmse": 0.002811987651512027,
        "relative_l2": 0.002324251225218177,
        "cross_correlation": 0.6171226501464844
      }
    },
    {
      "sample_idx": 10,
      "u_metrics": {
        "rmse": 0.00019482005154713988,
        "relative_l2": 0.18419252336025238,
        "cross_correlation": 0.5912235379219055
      },
      "a_metrics": {
        "rmse": 0.001930696191266179,
        "relative_l2": 0.0017783264629542828,
        "cross_correlation": 0.5389171838760376
      }
    },
    {
      "sample_idx": 11,
      "u_metrics": {
        "rmse": 0.00026791388518176973,
        "relative_l2": 0.162275493144989,
        "cross_correlation": 0.5774429440498352
      },
      "a_metrics": {
        "rmse": 0.0021802191622555256,
        "relative_l2": 0.002044353634119034,
        "cross_correlation": 0.5470941662788391
      }
    },
    {
      "sample_idx": 12,
      "u_metrics": {
        "rmse": 0.0028468065429478884,
        "relative_l2": 0.4784473478794098,
        "cross_correlation": 0.46805986762046814
      },
      "a_metrics": {
        "rmse": 0.004887979477643967,
        "relative_l2": 0.00699303625151515,
        "cross_correlation": 0.5282106995582581
      }
    },
    {
      "sample_idx": 13,
      "u_metrics": {
        "rmse": 0.02128238044679165,
        "relative_l2": 0.19950902462005615,
        "cross_correlation": 0.5734246373176575
      },
      "a_metrics": {
        "rmse": 0.10379571467638016,
        "relative_l2": 0.10933461040258408,
        "cross_correlation": 0.5415205955505371
      }
    },
    {
      "sample_idx": 14,
      "u_metrics": {
        "rmse": 0.06458192318677902,
        "relative_l2": 0.24450966715812683,
        "cross_correlation": 0.5767427682876587
      },
      "a_metrics": {
        "rmse": 0.2602178156375885,
        "relative_l2": 0.2236977070569992,
        "cross_correlation": 0.47058719396591187
      }
    },
    {
      "sample_idx": 15,
      "u_metrics": {
        "rmse": 0.0010876951273530722,
        "relative_l2": 0.4027804136276245,
        "cross_correlation": 0.48207902908325195
      },
      "a_metrics": {
        "rmse": 0.002928756410256028,
        "relative_l2": 0.0029479230288416147,
        "cross_correlation": 0.5164356231689453
      }
    },
    {
      "sample_idx": 16,
      "u_metrics": {
        "rmse": 0.00046852638479322195,
        "relative_l2": 0.1870579570531845,
        "cross_correlation": 0.5888707637786865
      },
      "a_metrics": {
        "rmse": 0.004346379078924656,
        "relative_l2": 0.003909023478627205,
        "cross_correlation": 0.5759517550468445
      }
    },
    {
      "sample_idx": 17,
      "u_metrics": {
        "rmse": 0.005818617530167103,
        "relative_l2": 0.3579096496105194,
        "cross_correlation": 0.4200494885444641
      },
      "a_metrics": {
        "rmse": 0.003852634923532605,
        "relative_l2": 0.00626854645088315,
        "cross_correlation": 0.5184462070465088
      }
    },
    {
      "sample_idx": 18,
      "u_metrics": {
        "rmse": 0.0004222890129312873,
        "relative_l2": 0.27335792779922485,
        "cross_correlation": 0.6093041300773621
      },
      "a_metrics": {
        "rmse": 0.0025472897104918957,
        "relative_l2": 0.0023657032288610935,